{"count":1,"self":101.4392256,"total":103.6215543,"children":{"InitializeActuators":{"count":3,"self":0.015721199999999998,"total":0.015721199999999998,"children":null},"InitializeSensors":{"count":3,"self":0.0030015,"total":0.0030015,"children":null},"CameraSensor.GetCompressedObservation":{"count":1,"self":0.16568819999999998,"total":0.16568819999999998,"children":null},"AgentSendState":{"count":4879,"self":0.0465348,"total":0.39836499999999997,"children":{"CollectObservations":{"count":378,"self":0.0020020999999999997,"total":0.0020020999999999997,"children":null},"WriteActionMask":{"count":378,"self":0.0039626999999999996,"total":0.0039626999999999996,"children":null},"RequestDecision":{"count":378,"self":0.018193499999999998,"total":0.3458654,"children":{"CameraSensor.GetCompressedObservation":{"count":189,"self":0.32767189999999996,"total":0.32767189999999996,"children":null}}}}},"DecideAction":{"count":4879,"self":0.8626484,"total":1.1253815,"children":{"CameraSensor.WriteToTensor":{"count":189,"self":0.2627331,"total":0.2627331,"children":null}}},"AgentAct":{"count":4879,"self":0.47316969999999997,"total":0.47316969999999997,"children":null}},"gauges":{"Enforcer.CumulativeReward":{"count":1,"max":0,"min":0,"runningAverage":0,"value":0,"weightedAverage":0}},"metadata":{"timer_format_version":"0.1.0","start_time_seconds":"1722613401","unity_version":"2022.3.6f1","command_line_arguments":"E:\\2022.3.6f1\\Editor\\Unity.exe -projectpath F:\\MastersDissertation\\MLZombieGame -useHub -hubIPC -cloudEnvironment production -licensingIpc LicenseClient-Ben -hubSessionId 6e2124b7-a2d5-4b97-913a-5f9ddac0ec3c -accessToken P45xJHvDwPHQtU0FOnvW2G-_gjGqGke3DC1tGLI2r6Y005f","communication_protocol_version":"1.5.0","com.unity.ml-agents_version":"2.0.1","scene_name":"PatrolTest","end_time_seconds":"1722613505"}}